ty_code,ty_name_en,ty_name_ch,land_address,land_time,land_lng,land_lat,land_info,land_strong
201002,CONSON,康森,三亚,2010-07-16 19:50:00,109.5,18.09,台风“康森”16日19时50分在海南三亚登陆,台风
201003,Chanthu,灿都,吴川,2010-07-22 13:45:00,110.46,21.26,“灿都”于22日13时45分在广东吴川登陆,台风
201004,Dianmu,电母,韩国,2010-08-11 06:20:00,127.2,34.5,“电母”11日6时20分前后登陆韩国南部沿海,热带风暴
201005,Mindulle,蒲公英,越南义安,2010-08-24 19:00:00,105.7,19.1,“蒲公英”24日19时前后登陆越南义安省沿海,强热带风暴
201006,Lionrock,狮子山,漳浦,2010-09-02 06:50:00,117.36,24.08,“狮子山”2日6时50分前后在福建漳浦县沿海登陆,热带风暴
201007,Kompasu,圆规,朝韩交界,2010-09-02 05:30:00,126.2,37.2,“圆规”2日5时30分前后在朝鲜与韩国交界沿海登陆,台风
201008,Namthuen,南川,福建惠安,2010-08-31 23:50:00,119.0,24.9,“南川”31日23时50分在福建惠安登陆,热带风暴
201010,Meranti,莫兰蒂,石狮,2010-09-10 03:30:00,118.6,24.7,台风“莫兰蒂”10日03时30分在福建石狮登陆,台风
201011,Fanapi,凡亚比,花莲,2010-09-19 09:00:00,121.5,23.5,“凡亚比”于9月19日9时前后登陆台湾省花莲县丰滨乡。,强台风
201011,Fanapi,凡亚比,漳浦,2010-09-20 07:00:00,117.36,24.08,“凡亚比”9月20日7时在福建漳浦再次登陆。,台风
201013,Megi,鲇鱼,菲律宾,2010-10-18 12:25:00,122.5,17.4,“鲇鱼”18日12时25分登陆菲律宾吕宋岛东北部沿海,超强台风
201013,Megi,鲇鱼,漳浦,2010-10-23 12:55:00,117.8,23.7,“鲇鱼”23日12时55分登陆福建漳浦县沿海,台风
201101,AREA,艾利,菲律宾,2011-05-09 10:30:00,122.2,16.9,艾利5月9日10时30分前后登陆菲律宾吕宋岛东部沿海,热带风暴
201115,Roke,洛克,日本静冈县滨松沿海,2011-09-21 13:00:00,137.9,34.8,“洛克”9月21日13时在日本静冈县滨松附近沿海登陆,台风
201117,Nesat,纳莎,菲律宾吕宋岛,2011-09-27 07:00:00,122.2,16.5,“纳沙”27日7时前后登陆菲律宾吕宋岛东部,强台风
201117,Nesat,纳莎,文昌,2011-09-29 14:30:00,111.0,19.7,“纳沙”9月29日14时30分前后登陆海南文昌,强台风
201117,Nesat,纳莎,徐闻,2011-09-29 21:15:00,110.0,20.2,“纳沙”9月29日21时15分在广东徐闻角尾乡再次登陆,台风
201117,Nesat,纳莎,越南广宁,2011-09-30 11:30:00,107.2,20.9,“纳沙”于9月30日11时30分前后在越南北部广宁沿海登陆,强热带风暴
201118,Haitang,海棠,越南广治省,2011-09-27 08:30:00,107.3,16.7,“海棠”27日8时30分前后在越南广治省沿海登陆,热带风暴
201119,NALGAE,尼格,吕宋岛,2011-10-01 09:00:00,122.4,16.8,“尼格”1日9时登陆菲律宾吕宋岛东北部沿海,强台风
201119,NALGAE,尼格,万宁,2011-10-04 12:30:00,110.5,18.7,“尼格”10月4日12时30分登陆海南万宁,强热带风暴
201201,Pakhar,帕卡,越南,2012-04-01 16:00:00,107.2,10.5,“帕卡”4月1日16时前后在越南巴地头顿省沿海登陆,热带风暴
201204,Guchol,古超,和歌山县南部沿海登陆,2012-06-19 16:15:00,135.9,33.8,“古超”19日16时15分前后登陆日本和歌山县南部沿海,台风
201206,Doksuri,杜苏芮,珠海,2012-06-30 02:30:00,113.25,21.91,“杜苏芮”30日2时30分前后在广东珠海南水镇沿海登陆,强热带风暴
201207,Khanun,卡努,韩国忠清南道,2012-07-19 04:00:00,126.7,36.5,“卡努”19日04时前后在韩国忠清南道沿海再次登陆。,热带风暴
201208,Vicente,韦森特,台山市,2012-07-24 04:15:00,113.0,22.0,24日4时15分前后登陆广东省台山市赤溪镇沿海,台风
201209,Saola,苏拉,台湾花莲,2012-08-02 03:15:00,121.6,24.2,“苏拉”8月2日03时15分前后登陆台湾省花莲市秀林乡沿海,强台风
201209,Saola,苏拉,秦屿镇,2012-08-03 06:50:00,120.3,27.0,3日6时50分前后登陆福建省福鼎市秦屿镇沿海,强热带风暴
201210,Damrey,达维,响水,2012-08-02 21:30:00,120.0,34.4,台风“达维”2日21时30分登陆江苏陈家港镇,台风
201211,Haikui,海葵,象山,2012-08-08 03:20:00,122.1,29.0,“海葵”8月8日3时20分登陆浙江象山县鹤浦镇沿海,强台风
201213,Kai-tak,启德,帕拉南,2012-08-15 04:00:00,122.4,17.1,15日04时前后在菲律宾吕宋岛帕拉南附近沿海登陆,强热带风暴
201213,Kai-tak,启德,湛江湖光镇,2012-08-17 12:30:00,110.4,21.0,17日12时30分前后在广东省湛江市麻章区湖光镇登陆,台风
201213,Kai-tak,启德,中越边境,2012-08-17 21:00:00,107.7,21.6,17日21时前后在中越边境交界处登陆,台风
201214,Tembin,天秤,屏东,2012-08-24 05:15:00,120.9,22.2,8月24日5时15分登陆屏东牡丹乡，28日凌晨擦过鹅銮鼻北上,强台风
201214,Tembin,天秤,全罗南道,2012-08-30 09:30:00,126.6,34.7,天秤9时30分在韩国全罗南道南部沿海登陆。,热带风暴
201215,Bolaven,布拉万,黄海南道,2012-08-28 15:15:00,125.5,37.7,布拉万28日15时15分前后在朝鲜西南沿海登陆。,台风
201215,Bolaven,布拉万,朝鲜平安,2012-08-28 22:50:00,125.1,39.6,布拉万22时50分前后登陆朝鲜平安北道南部沿海,强热带风暴
201216,Sanba,三巴,韩国,2012-09-17 11:00:00,128.0,35.0,17日11时前后登陆韩国庆尚南道西南部沿海,台风
201217,Jelawat,杰拉华,和歌山县,2012-09-30 15:00:00,135.9,33.4,“杰拉华”30日15时前后登陆日本和歌山县沿海,台风
201220,Gaemi,格美,越南绥和市,2012-10-06 19:00:00,108.9,13.3,“格美”于6日19时前后在越南南部富安省绥和市附近沿海登陆,热带风暴
201223,Son-Tinh,山神,菲律宾萨马岛南部沿海,2012-10-24 18:00:00,125.1,11.1,山神10月24日18时左右登陆菲律宾萨马岛南部沿海。,热带风暴
201223,Son-Tinh,山神,越南南定,2012-10-28 23:30:00,107.0,21.0,“山神”的中心已于28日23时30分前后在越南南定省沿海登陆,台风
201224,Bopha,宝霞,棉兰老岛,2012-12-04 05:30:00,126.0,7.7,4日5时30分前后登陆菲律宾棉兰老岛沿海,超强台风
201225,Wukong,悟空,莱特岛,2012-12-26 00:00:00,124.1,10.7,“悟空”26日凌晨00时前后在菲律宾群岛中部莱特岛登陆,热带风暴
201305,Bebinca,贝碧嘉,琼海,2012-06-22 11:10:00,110.7,19.2,“贝碧嘉”22日11时10分登陆海南省琼海市潭门镇沿海,热带风暴
201305,Bebinca,贝碧嘉,越南北部太平省沿海,2013-06-23 22:30:00,106.6,20.4,“贝碧嘉”于23日22时30分前后在越南北部的太平省沿海,热带风暴
201306,Rumbia,温比亚,广东湛江麻章区湖光镇,2013-07-02 05:30:00,110.0,20.5,“温比亚”于2日5时30分在湛江麻章区湖光镇登陆。,强热带风暴
201307,Soulik,苏力,新北宜兰交界,2013-07-13 03:00:00,121.9,25.0,“苏力”13日3时登陆台湾新北市与宜兰县交界。,强台风
201307,Soulik,苏力,连江,2013-07-13 16:00:00,119.7,26.3,“苏力”13日16时登陆福建连江县黄岐半岛沿海,台风
201308,Cimaron,西马仑,福建漳浦,2013-07-18 20:30:00,117.9,23.9,“西马仑”于7月18日20时30分在福建省漳浦县沿海登陆,热带风暴
201309,Jebi,飞燕,海南文昌龙楼镇,2013-08-02 19:30:00,111.0,19.7,“飞燕”2日19时30分在海南文昌龙楼镇沿海登陆,强热带风暴
201309,Jebi,飞燕,中越边境,2013-08-03 10:00:00,107.6,21.3,“飞燕”3日10时前后在中越边界越南一侧沿海登陆。,强热带风暴
201310,Mangkhut,山竹,越南,2013-08-07 22:00:00,105.9,19.8,“山竹”7日22时前后在越南北部清化市沿海登陆。,热带风暴
201311,Utor,尤特,菲律宾吕宋岛东部沿海,2013-08-12 03:00:00,121.4,16.2,“尤特”12日凌晨3时前后登陆菲律宾吕宋岛东部沿海,强台风
201311,Utor,尤特,阳西,2013-08-14 15:50:00,111.8,21.7,8月14日15时50分在广东省阳西附近沿海登陆。,强台风
201312,Trami,潭美,福清,2013-08-22 02:40:00,119.55,25.7,“潭美”22日02时40分在福建省福清市沿海登陆,台风
201317,Toraji,桃芝,鹿儿岛,2013-09-04 02:00:00,130.9,31.8,“桃芝”于4日2时登陆日本国鹿儿岛沿海,强热带风暴
201318,Man-yi,万宜,日本爱知县丰桥市,2013-09-16 07:00:00,137.3,34.7,“万宜”16日7时前后登陆日本爱知县丰桥市,强热带风暴
201319,Usagi,天兔,汕尾,2013-09-22 19:40:00,115.6,22.7,22日19时40分在广东省汕尾市沿海登陆。,强台风
201321,Wutip,蝴蝶,越南广平,2013-09-30 17:45:00,106.5,17.6,“蝴蝶”于30日17时45分前后在越南中部广平省北部沿海登陆,台风
201323,Fitow,菲特,沙埕,2013-10-07 01:15:00,120.6,27.1,“菲特”于7日01时15分登陆福建沙埕镇沿海,强台风
201325,Nari,百合,菲律宾,2013-10-11 23:30:00,119.7,15.7,“百合”11日23点30分登陆菲律宾丁阿兰市附近沿海,强台风
201325,Nari,百合,越南岘港,2013-10-15 06:40:00,108.2,16.0,6时40分左右在越南岘港沿海登陆,强热带风暴
201326,Wipha,韦帕,日本本州岛东南部沿海,2013-10-16 06:30:00,142.0,42.0,“韦帕”10月16日6点30分前后在日本本州岛东南部沿海登陆,台风
201329,Krosa,罗莎,菲律宾吕宋岛,2013-10-31 17:30:00,122.4,18.2,“罗莎”31日17时30分登陆菲律宾吕宋岛东北部沿海,强台风
201330,Haiyan,海燕,菲律宾莱特岛,2013-11-08 07:00:00,125.9,10.8,11月8日7时前后在菲律宾中部莱特岛沿海登陆,超强台风
201330,Haiyan,海燕,越南广宁省,2013-11-11 05:00:00,107.3,21.1,台风“海燕”11日5时前后在越南东北部广宁省沿海登陆,台风
201331,Podul,杨柳,越南芽庄,2012-11-15 05:30:00,109.3,12.3,“杨柳”11月15日5点30分登陆越南庆和芽庄附近沿海,热带风暴
201331,Podul,杨柳,越南芽庄,2013-11-15 05:30:00,109.3,12.3,“杨柳”5点30分登陆越南庆和省芽庄市附近沿海,热带风暴
201407,Hagibis,海贝思,汕头,2014-06-15 16:50:00,23.25,116.7,“海贝思”15日16时50分前后在广东汕头沿海登陆,热带风暴
201408,Neoguri,浣熊,阿久根市,2014-07-10 06:00:00,32.2,129.9,台风“浣熊”（强热带风暴级）于10日早晨6点登陆日本阿久根。,强热带风暴
201409,Rammasun,威马逊,海南文昌,2014-04-18 15:30:00,111.0,19.9,“威马逊”18日15时30分在海南省文昌市翁田镇沿海登陆,强台风
201409,Rammasun,威马逊,菲律宾中部,2014-07-15 18:20:00,124.2,13.2,“威马逊”15日18时20分在菲律宾中部沿海登陆,强台风
201409,Rammasun,威马逊,海南文昌,2014-07-18 15:30:00,111.0,19.9,“威马逊”18日15时30分在海南省文昌市翁田镇沿海登陆,强台风
201409,Rammasun,威马逊,徐闻,2014-07-18 19:30:00,110.5,20.2,“威马逊”18日19时30分前后在广东省徐闻县龙塘镇沿海再次,强台风
201409,Rammasun,威马逊,防城港,2014-07-19 07:10:00,108.6,21.6,19日07时10分前后在广西防城港市光坡镇再次登陆,强台风
201410,Matmo,麦德姆,台东长滨乡,2014-07-23 00:15:00,121.46,23.35,台风“麦德姆”23日0时15分在台湾台东县长滨乡沿海登陆。,强台风
201410,Matmo,麦德姆,福清市,2014-07-23 15:30:00,119.45,25.43,23日15时30分前后在福建省福清市高山镇沿海登陆,强热带风暴
201410,Matmo,麦德姆,山东荣成,2014-07-25 17:10:00,122.1,36.9,25日17时10分在山东省荣成市虎山镇沿海登陆,热带风暴
201415,Kalmaegi,海鸥,菲律宾,2014-09-14 19:00:00,121.8,17.8,“海鸥”14日19时前后在菲律宾吕宋岛东北部登陆,台风
201415,Kalmaegi,海鸥,海南文昌,2014-09-16 09:40:00,111.3,19.8,“海鸥”16日9时40分前后在海南省文昌市翁田镇登陆。,台风
201415,Kalmaegi,海鸥,徐闻沿海,2014-09-16 12:45:00,110.1,20.3,9月16日12时45分前后，在广东徐闻南部沿海再次登陆。,台风
201415,Kalmaegi,海鸥,越南广宁,2014-09-16 23:00:00,107.6,21.3,“海鸥”16日23时前后在越南北部广宁省沿海登陆,台风
201416,Fung-wong,凤凰,台湾,2014-09-21 10:00:00,120.8,22.0,“凤凰”21日10时在台湾省恒春半岛南部沿海登陆,强热带风暴
201416,Fung-wong,凤凰,台湾,2014-09-21 22:20:00,121.93,24.97,21日22时20分在台湾省宜兰县与新北市交界附近沿海登陆,强热带风暴
201416,Fung-wong,凤凰,浙江象山,2014-09-22 19:35:00,121.9,28.7,“凤凰”22日19时35分在浙江象山县鹤浦镇沿海登陆。,强热带风暴
201416,Fung-wong,凤凰,上海,2014-09-23 10:45:00,121.7,30.7,23日10时45分前后登陆上海市奉贤区海湾镇沿海,热带风暴
201418,Phanfone,巴蓬,日本滨松,2014-10-06 07:00:00,138.3,35.0,台风“巴蓬”6日07时登陆日本静冈县滨松市沿海,台风
201419,Vongfong,黄蜂,日本九州岛枕崎市,2014-10-13 07:30:00,130.4,31.3,“黄蜂”已于10月13日7时30分前后在日本九州岛枕崎市登陆,强热带风暴
201422,Hagupit,黑格比,萨马岛,2014-12-07 02:10:00,125.2,11.9,“黑格比”7日凌晨2点10分前后在菲律宾萨马岛东部沿海登陆。,强台风
201501,Mekkhala,米克拉,菲律宾萨马岛东部沿海,2015-01-17 16:00:00,125.4,12.2,台风“米克拉”17日下午4点钟前后在菲律宾萨马岛东部沿海登陆,台风
201506,Noul,红霞,菲律宾吕宋岛东北部沿海,2015-05-10 16:50:00,122.3,18.3,台风“红霞”10日下午4点50分前后在菲律宾吕宋岛东北部沿海登陆,超强台风
201508,Kujira,鲸鱼,海南万宁,2015-06-22 18:50:00,110.5,18.9,台风“鲸鱼”22日18时50分前后登陆海南省万宁市沿海,强热带风暴
201508,Kujira,鲸鱼,越南海防市,2015-06-24 11:40:00,106.8,20.7,台风“鲸鱼”于24日11时40分在越南北部海防市沿海再次登陆,热带风暴
201509,Chan-hom,灿鸿,朱家尖镇,2015-07-11 16:40:00,122.39,29.83,“灿鸿”11日16时40分前后登陆浙江舟山市朱家尖镇,强台风
201509,Chan-hom,灿鸿,朝鲜黄海南道沿海,2015-07-12 23:50:00,38.0,125.3,7月12日23时50分前后在朝鲜黄海南道沿海再次登陆,热带风暴
201510,Linfa,莲花,菲律宾吕宋岛东北部,2015-07-05 04:00:00,122.1,17.6,台风“莲花”5日早晨4时左右在菲律宾吕宋岛东北部沿海登陆,强热带风暴
201510,Linfa,莲花,广东陆丰,2015-07-09 12:15:00,116.2,22.8,台风“莲花”9日12时15分前后登陆广东省陆丰市沿海,台风
201511,Nangka,浪卡,日本四国岛高知县东南沿海,2015-07-16 21:50:00,133.7,34.7,“浪卡”16日21点50分前后在日本四国岛高知县东南沿海登陆,台风
201513,Soudelor,苏迪罗,台湾花莲,2015-08-08 04:40:00,121.5,24.2,“苏迪罗”于8日凌晨4点40分前后登陆台湾省花莲县秀林乡沿海,强台风
201513,Soudelor,苏迪罗,莆田市秀屿区沿海,2015-08-08 22:10:00,119.16,25.1,于22点10分前后在莆田市秀屿区沿海登陆,台风
201515,Goni,天鹅,日本九州岛西部沿海,2015-08-25 02:40:00,130.0,31.6,“天鹅”8月25日凌晨2点40分前后在日本九州岛西部沿海,强台风
201515,Goni,天鹅,俄罗斯海参崴附近沿海,2015-08-27 03:00:00,132.6,42.8,凌晨3点钟前后在俄罗斯海参崴附近沿海登陆,热带风暴
201518,ETAU,艾涛,知多半岛沿海,2015-09-09 08:50:00,136.9,34.7,“艾涛”于9月9日8点50分在日本爱知县知多半岛沿海登陆,强热带风暴
201519,Vamco,环高,越南广南省,2015-09-14 21:50:00,108.5,15.6,“环高”于14日21时50分在越南广南省登陆,热带风暴
201521,Dujuan,杜鹃,台湾宜兰,2015-09-28 17:50:00,121.7,24.3,“杜鹃”于17时50分前后在台湾省宜兰沿海登陆,强台风
201521,Dujuan,杜鹃,福建省莆田市秀屿区沿海,2015-09-29 08:50:00,119.08,25.1,“杜鹃”于29日上午8点50分前后在福建省莆田市秀屿区沿海再次登陆,台风
201522,Mujigae,彩虹,广东湛江坡头区沿海,2014-10-04 14:10:00,111.0,20.9,强台风级“彩虹”于4日140分前后在广东省湛江市坡头区登陆,强台风
201523,Choi-wan,彩云,广东湛江坡头区沿海,2015-10-04 14:10:00,111.0,20.9,强台风级“彩虹”于4日140分前后在广东省湛江市坡头区登陆,强台风
201524,Koppu,巨爵,菲律宾吕宋岛,2015-10-18 03:00:00,121.93,16.1,台风 “巨爵”18日凌晨3点钟左右登陆菲律宾吕宋岛,超强台风
201527,MELOR,茉莉,菲律宾吕宋岛,2015-12-14 16:30:00,124.1,12.7,台风“茉莉”下午4点30分前后在菲律宾吕宋岛南部登陆,强台风
201601,Nepartak,尼伯特,台湾台东县太麻里乡,2016-07-08 05:50:00,120.97,22.5,台风“尼伯特”8日5时50分前后在台湾省台东县太麻里乡登陆,超强台风
201601,Nepartak,尼伯特,福建泉州石狮市,2016-07-09 13:45:00,118.7,24.7,台风“尼伯特”7月9日13时45分在福建泉州石狮市再次登陆。,强热带风暴
201603,Mirinae,银河,海南省万宁市东澳镇,2016-07-26 22:20:00,110.4,18.7,台风“银河”26日22时20分在海南省万宁市东澳镇登陆,强热带风暴
201603,Mirinae,银河,越南南定省,2016-07-28 00:20:00,106.29,20.15,“银河”于28日凌晨00点20分在越南南定省登陆,强热带风暴
201604,NIDA,妮妲,广东深圳,2016-08-02 03:35:00,114.61,22.5,台风“妮妲”2日3时35分以强台风级在广东深圳大鹏半岛登陆,强台风
201607,CHANTHU,灿都,日本北海道,2016-08-17 16:30:00,143.4,42.6,7号台风“灿都”于8月17日16时30分前后登陆日本北海道。,热带风暴
201608,DIANMU,电母,广东湛江雷州东里镇,2016-08-18 15:40:00,110.41,20.65,8月18日15时40分，“电母”登陆广东湛江东里镇沿海,热带风暴
201609,MINDULLE,蒲公英,日本千叶县附近沿海,2016-08-22 11:30:00,140.05,35.37,台风“蒲公英”8月22日上午11时30分登陆日本千叶县附近,强热带风暴
201612,NAMTHEUN,南川,日本九州岛长崎市长崎县,2016-09-05 00:00:00,129.7,32.8,台风“南川”5日凌晨0时前后在日本九州岛长崎市长崎县附近沿海登陆,热带风暴
201614,MERANTI,莫兰蒂,福建厦门翔安区,2016-09-15 03:05:00,118.3,24.5,"台风""莫兰蒂""15日3时5分登陆福建厦门翔安区",强台风
201616,MALAKAS,马勒卡,日本九州岛鹿儿岛县,2016-09-19 23:00:00,130.69,31.1,"台风“马勒卡”19日2
3时前后在日本九州岛鹿
台风“马勒卡”19日23时前后在日本九州岛鹿儿岛县大隅半岛沿海登陆",强台风
201617,MEGI,鲇鱼,台湾花莲沿海,2016-09-27 14:10:00,121.6,24.0,台风“鲇鱼”9月27日14时10分前后在台湾省花莲沿海登陆,强台风
201617,MEGI,鲇鱼,泉州市惠安县,2016-09-28 04:40:00,118.9,25.0,台风“鲇鱼”9月28日4时40分前后以台风级登陆泉州市惠安县沿海,台风
201621,SARIKA,莎莉嘉,菲律宾吕宋岛东部沿海,2016-10-16 02:20:00,121.59,15.79,台风“莎莉嘉”10月16日2时20分前后在菲律宾吕宋岛东部沿海登陆,超强台风
201621,SARIKA,莎莉嘉,海南省万宁市和东镇沿海,2016-10-18 09:50:00,110.4,18.8,台风“莎莉嘉”10月18日上午9点50分前后在海南省万宁市和东镇沿海登陆,强台风
201621,SARIKA,莎莉嘉,广西防城港东兴市沿海,2016-10-19 14:10:00,108.18,21.52,台风“莎莉嘉”10月19日14点10分前后在广西防城港东兴市沿海登陆,强热带风暴
201622,HAIMA,海马,菲律宾吕宋岛东北部,2016-10-19 23:40:00,122.1,17.6,台风“海马”10月19日23时40分前后登陆菲律宾吕宋岛东北部,强台风
201622,HAIMA,海马,广东汕尾鮜门镇沿海,2016-10-21 12:40:00,115.3,22.8,台风“海马”10月21日12时40分前后登陆广东汕尾鮜门镇沿海,强台风
201702,MERBOK,苗柏,广东深圳大鹏半岛,2017-06-12 23:00:00,114.5,22.5,台风“苗柏”6月12日23时前后在广东深圳大鹏半岛登陆,热带风暴
201703,NANMADOL,南玛都,日本长崎半岛西部沿海,2017-07-04 07:40:00,129.86,32.71,台风南玛都7月4日上午7时40分前后登陆日本长崎半岛西部沿海,强热带风暴
201704,TALAS,塔拉斯,越南义安沿海,2017-07-17 02:00:00,105.01,18.5,台风“拉塔斯”7月17日以强热带风暴级登陆越南义安沿海,强热带风暴
201705,NORU,奥鹿,日本四国岛室户市沿海,2017-08-07 09:00:00,134.04,33.37,台风“奥鹿”于8月7日9时左右在日本四国岛室户市沿海登陆,台风
201705,NORU,奥鹿,日本,2017-08-07 16:00:00,135.0,34.0,台风“奥鹿”于8月7日下午在日本再次登陆,强热带风暴
201707,ROKE,洛克,香港东北部沿海,2017-07-23 09:50:00,114.4,22.4,台风“洛克”已于7月23日9点50分在香港东北部沿海登陆,热带风暴
201708,SONCA,桑卡,越南广平省,2017-07-25 16:30:00,107.1,17.1,台风“桑卡”7月25日16时30分在越南广平省登陆,热带风暴
201709,NESAT,纳沙,台湾宜兰,2017-07-29 19:40:00,121.81,24.69,台风“纳沙”29日19时40分前后在台湾省宜兰登陆,台风
201709,NESAT,纳沙,福建福清,2017-07-30 06:00:00,119.69,25.41,台风“纳沙”30日06时前后在福建福清登陆,台风
201710,Haitang,海棠,台湾屏东,2017-07-30 17:30:00,120.5,22.11,台风“海棠”7月30日17时30分前后在台湾省屏东沿海登陆,热带风暴
201710,Haitang,海棠,福建福清,2017-07-31 02:50:00,119.6,25.5,台风“海棠”7月31日凌晨02时50分前后在福建福清沿海登陆,热带风暴
201713,Hato,天鸽,广东珠海,2017-08-23 12:50:00,113.2,22.0,于8月23日12时50分在广东珠海南部沿海登陆,台风
201714,Pakhar,帕卡,菲律宾吕宋东北部沿海,2017-08-25 21:15:00,122.1,16.14,“帕卡”于25日21时15分左右登陆菲律宾吕宋东北部沿海,热带风暴
201714,Pakhar,帕卡,广东台山东南部沿海,2017-08-27 09:00:00,113.0,22.0,“帕卡”于27日9时左右登陆广东台山东南部沿海,台风
201716,MAWAR,玛娃,广东汕尾陆丰市,2017-09-03 21:30:00,115.67,22.9,台风“玛娃”3日21时30分前后登陆广东汕尾陆丰市,热带风暴
201718,TALIM,泰利,日本鹿儿岛县南九州市沿海,2017-09-17 10:30:00,130.5,31.3,“泰利”于9月17日10点30分登陆日本鹿儿岛县南九州市沿海,强热带风暴
201719,DOKSURI,杜苏芮,越南广平,2017-09-15 12:15:00,106.41,17.8,台风“杜苏芮”9月15日12时15份前后登陆越南广平,强台风
201720,KHANUN,卡努,菲律宾吕宋岛北部沿海,2017-10-13 03:00:00,122.11,18.11,台风“卡努”13日凌晨3点钟前后在菲律宾吕宋岛北部沿海登陆,热带风暴
201720,KHANUN,卡努,广东湛江,2017-10-16 03:25:00,110.5,20.59,台风“卡努”16日凌晨3时25分前后在广东湛江徐闻沿海登陆,强热带风暴
201721,LAN,兰恩,日本静冈县御前崎市,2017-10-23 02:00:00,138.14,34.78,台风“兰恩”10月23日凌晨2点钟在日本静冈县御前崎市登陆,台风
201723,DAMREY,达维,越南庆和省北部沿海,2017-11-04 06:10:00,109.21,12.7,台风“达维”4日早晨6点10分前后在越南庆和省北部沿海登陆,强台风
201804,EWINIAR,艾云尼,广东徐闻,2018-06-06 06:25:00,110.5,20.7,台风“艾云妮”6日早晨6时25分前后在广东徐闻登陆,热带风暴
201804,EWINIAR,艾云尼,海南海口,2018-06-06 14:50:00,110.2,20.1,台风“艾云妮”6月6日14时50分再次登陆海南海口,热带风暴
201804,EWINIAR,艾云尼,广东阳江沿海,2018-06-07 20:30:00,111.91,21.6,台风“艾云妮”7日20时30分前后在广东阳江沿海再次登陆,热带风暴
201808,MARIA,玛莉亚,福建连江,2018-07-11 09:10:00,119.85,26.4,台风“玛莉亚”7月11日9时10分登陆福建连江黄岐半岛沿海,强台风
201809,SON-TINH,山神,海南万宁,2018-07-18 04:50:00,110.5,18.8,台风“山神”于7月18日早晨4时50分前后在海南万宁市万成镇登陆,热带风暴
201810,AMPIL,安比,上海崇明,2018-07-22 12:30:00,121.86,31.52,“安比”于7月22日12时30分前后在上海市崇明岛沿海登陆,强热带风暴
201812,JONGDARI,云雀,日本本州岛南部,2018-07-29 05:00:00,134.6,34.8,“云雀”于7月29日凌晨在日本本州岛南部登陆,强热带风暴
201812,JONGDARI,云雀,上海金山沿海,2018-08-03 10:30:00,121.32,30.72,“云雀”于8月3日10时30分上海金山沿海登陆,热带风暴
201814,YAGI,摩羯,浙江温岭沿岸,2018-08-12 23:35:00,121.44,28.29,“摩羯”于8月12日23时35分前后在浙江温岭沿岸登陆,强热带风暴
201816,BEBINCA,贝碧嘉,广东省雷州市沿海,2018-08-15 21:40:00,110.3,20.7,“贝碧嘉”于8月15日21时40分前后在广东雷州沿海登陆,强热带风暴
201818,RUMBIA,温比亚,上海浦东新区南部沿海,2018-08-17 04:05:00,121.74,30.85,“温比亚”于8月17日凌晨04时05分前后在上海浦东新区南部沿海登陆,强热带风暴
201819,SOULIK,苏力,韩国全罗南道境内,2018-08-23 20:00:00,126.4,35.0,台风“苏力”于8月23日20时前后在韩国全罗南道境内登陆,台风
201820,CIMARON,西马仑,日本四国岛,2018-08-23 00:00:00,134.6,33.8,台风“西马仑”于8月23日在日本四国岛境内登陆,强台风
201821,JEBI,飞燕,日本四国岛德岛县境内,2018-09-04 12:00:00,134.5,33.7,台风“飞燕”于9月4日12时前后在日本四国岛德岛县境内登陆,强台风
201822,MANGKHUT,山竹,广东江门沿海,2018-09-16 17:00:00,112.5,21.9,台风“山竹”于9月16日17时前后在广东江门沿海登陆,强台风
201823,BARIJAT,百里嘉,广东湛江沿海,2018-09-13 08:30:00,110.65,21.25,台风“百里嘉”于9月13日8时30前后在广东湛江沿海登陆,强热带风暴
201904,MUN,木恩,海南省万宁市和乐镇沿海,2019-07-03 00:45:00,110.51,18.9,"台风""木恩""在海南省万宁市和乐镇沿海登陆",热带风暴
201907,WIPHA,韦帕,海南省文昌市沿海,2019-08-01 01:50:00,110.97,19.9,"台风""韦帕""在海南省文昌市沿海登陆登陆",热带风暴
201907,WIPHA,韦帕,广东省湛江市坡头区沿海,2019-08-01 17:40:00,110.61,21.18,"台风""韦帕""在广东省湛江市坡头区沿海再次登陆",热带风暴
201907,WIPHA,韦帕,广西省防城港,2019-08-02 21:20:00,108.27,21.53,"台风""韦帕""在广西省防城港再次登陆",热带风暴
201909,LEKIMA,利奇马,台州温岭城南镇,2019-08-10 01:45:00,121.42,28.3,"台风""利奇马""于8月10日01时45分前后在台州温岭城南镇沿海登陆",超强台风
201909,LEKIMA,利奇马,山东省青岛市,2019-08-11 20:50:00,120.16,35.92,"台风""利奇马""于8月11日20时50分前后在山东省青岛市黄岛区沿海再次登陆",热带风暴
201911,BAILU,白鹿,台湾省屏东县满州乡沿海,2019-08-24 13:00:00,120.9,22.0,台风“白鹿”于24日13时前后登陆台湾省屏东县满州乡沿海,强热带风暴
201911,BAILU,白鹿,福建东山沿海,2019-08-25 07:25:00,117.4,23.6,台风“白鹿”已于25日7时25分在福建东山沿海再次登陆,强热带风暴
201918,MITAG,米娜,浙江舟山普陀沈家门,2019-10-01 20:30:00,122.31,29.93,台风“米娜”于10月1日20时30分前后在浙江省舟山普陀区沈家门登陆,强热带风暴
201918,MITAG,米娜,韩国全罗南道沿海,2019-10-02 20:10:00,126.1,34.4,台风“米娜”于10月2日20点10分左右在韩国全罗南道沿海再次登陆,热带风暴
201919,HAGIBIS,海贝思,日本伊豆半岛沿海,2019-10-12 18:00:00,138.77,34.77,台风“海贝思”于10月12日18时日本伊豆半岛沿海登陆,强台风
201924,NAKRI,娜基莉,越南庆和省登陆,2019-11-11 00:00:00,109.36,12.8,台风“娜基莉”于11月11日00时越南庆和省登陆,强热带风暴
202002,NURI,鹦鹉,广东省阳江市海陵岛沿海,2020-06-14 08:50:00,111.9,21.6,台风“鹦鹉”于6月14日8时50分前后在广东省阳江市海陵岛沿海登陆,热带风暴
202003,SINLAKU,森拉克,越南清化附近沿海,2020-08-02 14:40:00,105.86,19.7,台风“森拉克”于8月2日14时40分前后在越南清化附近沿海登陆,热带风暴
202004,HAGUPIT,黑格比,浙江乐清沿海,2020-08-04 03:30:00,120.99,28.0,台风“黑格比”于8月4日3时30分前后在浙江乐清沿海登陆,台风
202006,MEKKHALA,米克拉,福建省漳浦县沿海,2020-08-11 07:30:00,117.84,24.02,台风“米克拉”于8月11日7点30分前后在福建省漳浦县沿海登陆,台风
202007,HIGOS,海高斯,广东省珠海市金湾区沿海,2020-08-19 06:00:00,113.39,22.01,台风“海高斯”于8月19日06时前后在广东省珠海市金湾区沿海登陆,台风
202008,BAVI,巴威,朝鲜平安北道,2020-08-27 08:30:00,124.7,39.7,台风“巴威”于8月27日8时30分前后在中朝交界附近的朝鲜平安北道沿海登陆,台风
202009,MAYSAK,美莎克,韩国庆尚南道釜山沿海,2020-09-03 01:30:00,128.71,35.12,台风“美莎克”于9月3日01时30分前后在韩国庆尚南道釜山沿海登陆,强台风
202016,NANGKA,浪卡,海南省琼海市沿海,2020-10-13 19:20:00,110.59,19.12,台风“浪卡”于10月13日19时20分前后在海南省琼海市沿海登陆,强热带风暴
202106,In-fa,烟花,浙江省舟山普陀沿海,2021-07-25 12:30:00,122.39,30.0,台风“烟花”于25日12时30分在浙江省舟山普陀沿海登陆,台风
202106,In-fa,烟花,浙江省平湖市沿海,2021-07-26 09:50:00,121.16,30.64,台风“烟花”于26日09时50分前后在浙江省平湖市沿海再次登陆,强热带风暴
202107,CEMPAKA,查帕卡,广东省阳江市江城区沿海,2021-07-20 21:50:00,111.96,21.74,台风“查帕卡”于20日21时50分在广东省阳江市江城区沿海登陆,台风
202109,LUPIT,卢碧,广东省汕头市南澳县沿海,2021-08-05 11:20:00,117.02,23.42,台风“卢碧”于5日11点20分前后在广东省汕头市南澳县沿海登陆,热带风暴
202109,LUPIT,卢碧,福建省漳州市东山县沿海,2021-08-05 16:50:00,117.37,23.57,台风“卢碧”于5日16点50分前后在福建省漳州市东山县沿海再次登陆,热带风暴
202117,Lionrock,狮子山,海南省琼海市,2021-10-08 22:50:00,110.6,19.2,台风“狮子山”于08日22时50分在海南省琼海市登陆,热带风暴
202118,Kompasu,圆规,海南省琼海市沿海,2021-10-13 15:40:00,110.58,19.16,台风“圆规”于13日下午3点40分前后在海南省琼海市沿海登陆,强热带风暴
202203,CHABA,暹芭,广东电白沿海,2022-07-02 15:00:00,111.11,21.47,台风“暹芭”于02日15时在广东电白沿海登陆,台风
202207,Mulan,木兰,广东徐闻,2022-08-10 10:50:00,110.22,20.27,台风“木兰”已于10日10时50分前后在广东徐闻登陆,热带风暴
202209,Ma-on,马鞍,广东电白沿海,2022-08-25 10:30:00,111.33,21.47,台风“马鞍”已于25日上午10时30分前后在广东电白沿海登陆,台风
202212,Muifa,梅花,舟山普陀区,2022-09-14 20:30:00,122.24,29.97,台风“梅花”已于9月14日20时30分前后在浙江省舟山普陀沿海登陆,强台风
202212,Muifa,梅花,上海奉贤沿海,2022-09-15 00:30:00,121.72,30.86,台风“梅花”已于9月15日凌晨0点30分前后在上海奉贤沿海再次登陆,台风
202212,Muifa,梅花,山东省青岛市崂山区沿海,2022-09-16 00:00:00,120.5,36.09,台风“梅花”已于9月16日凌晨0时前后在山东省青岛市崂山区沿海再次登陆,热带风暴
202212,Muifa,梅花,山东省青岛市崂山区沿海,2022-09-16 12:40:00,122.12,39.15,台风“梅花”已于9月16日12时40分前后在辽宁省大连市金普新区再次登陆,热带风暴
202214,Nanmadol,南玛都,日本九州岛指宿市沿海,2022-09-18 16:30:00,130.61,31.56,台风“南玛都”已于9月18日16点30分前后在日本九州岛指宿市沿海登陆,强台风
202222,Nalgae,尼格,广东省珠海市香洲区沿海,2022-11-03 04:50:00,113.56,22.24,台风“尼格”已于11月03日04时50分前后在广东省珠海市香洲区沿海登陆,热带低压
202304,Talim,泰利,广东省湛江市南三岛沿海,2023-07-17 22:20:00,110.61,21.18,台风“泰利”已于7月17日22点20分前后在广东省湛江市南三岛沿海登陆,台风
202304,Talim,泰利,广西北海市沿海,2023-07-18 05:45:00,109.27,21.43,台风“泰利”已于7月18日05时45分前后在广西北海市沿海再次登陆,强热带风暴
202305,Doksuri,杜苏芮,福建省晋江市沿海登陆,2023-07-28 09:55:00,118.67,24.58,台风“杜苏芮”已于7月28日9时55分前后在福建省晋江市沿海登陆,强台风
202306,Khanun,卡努,韩国庆尚南道沿海,2023-08-10 10:41:00,128.67,34.78,台风“卡努”已于8月10日10时在韩国庆尚南道沿海登陆,强热带风暴
202307,Lan,兰恩,日本和歌山县潮岬地区,2023-08-15 05:00:00,135.8,33.5,台风“兰恩”已于8月15日5时前在日本和歌山县潮岬地区登陆,强热带风暴
202309,Saola,苏拉,广东省珠海市南部沿海,2023-09-02 03:30:00,113.29,21.9,台风“苏拉”已于9月2日凌晨3点30分前后在广东省珠海市南部沿海登陆,台风
202311,Haikui,海葵,台湾省台东市沿海,2023-09-03 15:30:00,121.26,22.9,台风“海葵”已于9月3日下午3点30分前后在台湾省台东市沿海登陆,强台风
202311,Haikui,海葵,广东省饶平县沿海,2023-09-05 05:20:00,117.15,23.6,"台风“海葵”已于9月5日06时45分前后在广东省饶平县沿海再次登陆
","热带风暴
"
202316,SANBA,三巴,海南省东方市沿海,2023-10-19 09:00:00,108.68,19.19,第16号台风“三巴”已于19日上午9点钟前后在海南省东方市沿海登陆,热带风暴
202402,MALIKSI,马力斯,广东省阳江市阳西县,2024-06-01 00:55:00,111.7,21.59,台风“马力斯”已于6月1日0时55分前后在广东省阳江市阳西县登陆,热带风暴
202403,GAEMI,格美,台湾省宜兰县南澳乡沿海,2024-07-25 00:00:00,121.81,24.45,台风“格美”已于7月25日00时前后在台湾省宜兰县南澳乡沿海登陆,强台风
202403,GAEMI,格美,福建省莆田市秀屿区,2024-07-25 19:50:00,119.3,25.2,台风“格美”已于7月25日19时50分前后在福建省莆田市秀屿区登陆,台风
202404,PRAPIROON,派比安,海南省万宁市沿海,2024-07-22 01:30:00,110.27,18.67,台风“派比安”已于7月22日凌晨1点30分前后在海南省万宁市沿海登陆,强热带风暴
202404,PRAPIROON,派比安,越南广宁省沿海,2024-07-23 06:10:00,107.63,21.37,台风“派比安”已于7月23日06时10分前后在越南广宁省沿海登陆,强热带风暴
202410,SHANSHAN,珊珊,日本九州鹿儿岛,2024-08-29 07:00:00,130.23,31.77,第10号台风“珊珊”已于8月29日07时在日本九州鹿儿岛登陆,台风
202411,YAGI,摩羯,海南文昌沿海,2024-09-06 16:20:00,110.99,19.83,第11号台风“摩羯”已于9月6日16时20分在海南文昌沿海登陆,超强台风
202411,YAGI,摩羯,广东省徐闻县角尾乡,2024-09-06 22:20:00,109.94,20.23,第11号台风“摩羯”已于9月6日22时20分前后在广东省徐闻县角尾乡再次登陆,超强台风
202411,YAGI,摩羯,越南广宁省南部沿海,2024-09-07 15:30:00,106.84,20.88,第11号台风“摩羯”已于9月7日15时30分前后在越南广宁省南部沿海再次登陆,超强台风
202413,BEBINCA,贝碧嘉,上海浦东临港新城沿海,2024-09-16 07:30:00,121.92,30.86,第13号台风“贝碧嘉”已于9月16日07时30分前后在上海浦东临港新城沿海登陆,强台风
202414,PULASAN,普拉桑,浙江省舟山市岱山县沿海,2024-09-19 18:50:00,122.22,30.3,第14号台风“普拉桑”已于9月19日傍晚6点50分前后在浙江省舟山市岱山县沿海登陆,强热带风暴
202414,PULASAN,普拉桑,上海市奉贤区沿海,2024-09-19 21:45:00,121.75,30.85,第14号台风“普拉桑”已于9月19日夜间9点45分前后在上海市奉贤区沿海二次登陆,热带风暴
202414,PULASAN,普拉桑,韩国全罗南道西部沿海,2024-09-21 15:30:00,126.36,34.98,第14号台风“普拉桑”已于9月21日15时30分前后在韩国全罗南道西部沿海三次登陆,热带风暴
202418,KRATHON,山陀儿,台湾省高雄市林园区沿海,2024-10-03 13:00:00,120.39,22.49,第18号台风“山陀儿”已于10月3日下午1点钟前后在台湾省高雄市林园区沿海登陆,台风
202420,TRAMI,潭美,越南岘港与顺化交界附近沿海,2024-10-27 10:40:00,108.12,16.22,第20号台风“潭美”已于10月27日10时40分在越南岘港与顺化交界附近沿海登陆,热带风暴
202421,KONG-REY,康妮,台湾省台东县成功镇沿海,2024-10-31 14:00:00,121.32,22.99,第21号台风“康妮”已于10月31日14时前后在台湾省台东县成功镇沿海登陆,强台风
202424,MAN-YI,万宜,菲律宾吕宋岛东部奥罗拉省沿海,2024-11-17 15:00:00,121.59,15.94,第24号台风“万宜”已于11月17日15时前后在菲律宾吕宋岛东部奥罗拉省沿海登陆,超强台风
202425,USAGI,天兔,台湾省高雄市沿海,2024-11-16 08:00:00,120.37,22.5,第25号台风“天兔”已于11月16日08时在台湾省高雄市沿海登陆,热带风暴
202501,WUTIP,蝴蝶,海南省东方市,2025-06-13 23:00:00,108.65,19.0,第1号台风“蝴蝶”已于6月13日晚上23时前后在海南省东方市沿海登陆,
202501,WUTIP,蝴蝶,广东省雷州市西部沿海,2025-06-14 12:30:00,109.71,20.82,第1号台风“蝴蝶”已于6月14日12时30分前后在广东省雷州市西部沿海再次登陆,
202504,DANAS,丹娜丝,台湾嘉义县沿海,2025-07-07 00:00:00,120.12,23.36,第4号台风“丹娜丝”已于7月7日凌晨0点钟前后在台湾嘉省义县沿海登陆,
202504,DANAS,丹娜丝,浙江省温州市洞头区沿海,2025-07-08 21:25:00,121.14,27.8,第4号台风“丹娜丝”已于7月8日晚上9点25分前后在浙江省温州市洞头区沿海登陆,
202504,DANAS,丹娜丝,浙江省温州瑞安市沿海,2025-07-08 23:45:00,120.76,27.75,第4号台风“丹娜丝”已于7月8日晚上11点45分前后在浙江省温州瑞安市沿海再次登陆,
202506,WIPHA,韦帕,广东省台山市沿海,2025-07-20 17:50:00,112.65,21.8,第6号台风“韦帕”已于7月20日17时50分前后在广东省台山市沿海登陆,
202506,WIPHA,韦帕,广东阳江市海陵岛沿海,2025-07-20 20:15:00,111.94,21.64,第6号台风“韦帕”强热带风暴已于7月20日20时15分在广东阳江市海陵岛沿海再次登陆,
202506,WIPHA,韦帕,越南太平省沿海,2025-07-22 09:30:00,106.6,20.45,第6号台风“韦帕”已于7月22日09时30分前后在越南太平省沿海再次登陆,
202508,CO-MAY,竹节草,菲律宾西北部的阿格诺沿海,2025-07-24 10:40:00,119.77,16.09,第8号台风“竹节草”已于7月24日晚上10点40分前后在菲律宾西北部的阿格诺沿海登陆,
202508,CO-MAY,竹节草,菲律宾吕宋岛西北部沿海,2025-07-25 05:10:00,120.33,16.75,第8号台风“竹节草”已于7月25日早晨5点10分前后在菲律宾吕宋岛西北部沿海再次登陆,
202508,CO-MAY,竹节草,浙江省舟山市朱家尖岛,2025-07-30 04:30:00,122.4,29.87,第8号台风“竹节草”已于7月30日4时30分前后在浙江省舟山市朱家尖岛登陆,
202508,CO-MAY,竹节草,上海市奉贤区沿海,2025-07-30 16:40:00,121.75,30.85,第8号台风“竹节草”7月30日16时40分前后在上海市奉贤区沿海再次登陆,
202511,PODUL,杨柳,台湾省台东县太麻里乡沿海,2025-08-13 13:00:00,120.98,22.55,第11号台风“杨柳”已于8月13日13时前后在台湾省台东县太麻里乡沿海登陆,
202511,PODUL,杨柳,福建省漳浦县沿海,2025-08-14 00:30:00,117.63,23.84,第11号台风“杨柳”已于8月14日00时30分前后在福建省漳浦县沿海登陆,
202513,KAJIKI,剑鱼,越南河静省北部沿海,2025-08-25 19:10:00,106.0,18.4,第13号台风“剑鱼”已于8月25日晚上7时10分左右在越南河静省北部沿海登陆,
202514,NONGFA,蓝湖,越南河静省和广治省交界附近沿海,2025-08-30 16:30:00,106.47,18.01,第14号台风“蓝湖”已于8月30日16时30分前后在越南河静省和广治省交界附近沿海登陆,
202515,PEIPAH,琵琶,日本高知县宿毛市附近,2025-09-04 22:00:00,132.52,32.98,第15号台风“琵琶”已于9月4日夜间在日本高知县宿毛市附近登陆,
202516,TAPAH,塔巴,广东省台山市沿海,2025-09-08 08:50:00,112.63,21.79,第16号台风“塔巴”已于9月08日08时50分前后在广东省台山市沿海登陆,
202517,MITAG,米娜,广东省汕尾市沿海,2025-09-19 14:50:00,115.45,22.7,第17号台风“米娜”已于9月19日14时50分前后在广东省汕尾市沿海登陆,
202518,RAGASA,桦加沙,广东省阳江市海陵岛沿海,2025-09-24 17:00:00,111.93,21.69,第18号台风“桦加沙”已于9月24日17时前后在广东省阳江市海陵岛沿海登陆,
202518,RAGASA,桦加沙,广西北海市沿海,2025-09-25 06:30:00,109.27,21.43,第18号台风“桦加沙”的中心已于9月25日06时30分前后在广西北海市沿海登陆,
202518,RAGASA,桦加沙,广西防城港市沿海,2025-09-25 12:00:00,108.48,21.7,第18号台风“桦加沙”的中心已于9月25日12时在广西防城港市沿海登陆,
202520,BUALOI,博罗依,菲律宾萨马岛东部沿海,2025-09-26 01:00:00,125.45,11.96,第20号台风“博罗依”的中心已于9月26日凌晨1点前后在菲律宾萨马岛东部沿海登陆,
202520,BUALOI,博罗依,越南河静省沿海,2025-09-29 01:30:00,106.31,18.14,第20号台风“博罗依”的中心已于9月29日1点30分前后在越南河静省沿海登陆,
202521,MATMO,麦德姆,菲律宾吕宋岛东北部沿海,2025-10-03 09:00:00,122.25,16.48,第21号台风“麦德姆”的中心于10月3日上午9点钟前后在菲律宾吕宋岛东北部沿海登陆,
202521,MATMO,麦德姆,广东省湛江市徐闻县东部沿海,2025-10-05 14:50:00,110.47,20.67,第21号台风“麦德姆”的中心已于10月05日14时50分前后在广东省湛江市徐闻县东部沿海登陆,
202521,MATMO,麦德姆,广西壮族自治区防城港市沿海,2025-10-06 01:10:00,108.55,21.64,第21号台风“麦德姆”的中心已于10月06日01时10分前后在广西壮族自治区防城港市沿海登陆,
202525,KALMAEGI,海鸥,菲律宾莱特岛沿海,2025-11-04 00:00:00,125.16,10.53,第25号台风“海鸥”已于11月4日凌晨0时前后在菲律宾莱特岛沿海登陆,
202525,KALMAEGI,海鸥,越南嘉莱省归仁市附近沿海,2025-11-07 19:35:00,109.3,13.77,第25号台风“海鸥”的中心已于11月6日晚上7点35分前后在越南嘉莱省归仁市附近沿海登陆,
202526,FUNG-WONG,凤凰,菲律宾吕宋岛奥罗拉省沿海,2025-11-09 20:30:00,121.61,15.94,第26号台风“凤凰”已于11月9日20时30分前后在菲律宾吕宋岛奥罗拉省沿海登陆,
202526,FUNG-WONG,凤凰,台湾屏东县恒春镇沿海,2025-11-12 19:50:00,120.72,22.1,第26号台风“凤凰”已于11月12日19点50分前后在台湾屏东县恒春镇沿海登陆,
202602,PENHA,西望洋,菲律宾棉兰老岛北阿古桑省沿海,2026-02-06 03:00:00,125.86,9.54,第2号台风“西望洋”已于2月6日凌晨3点钟前后在菲律宾棉兰老岛北阿古桑省沿海登陆,
